{
  "summary": {
    "total_trades": 100,
    "winning_trades": 62,
    "losing_trades": 38,
    "win_rate": 0.62,
    "total_pnl": 6739.785459530394,
    "total_return": 0.061943936814453045,
    "avg_win": 227.11863852609898,
    "avg_loss": -193.19921392336164,
    "profit_factor": 1.9180305222212561,
    "volatility": 0.03707366633829475,
    "sharpe_ratio": 1.646237327541141,
    "max_drawdown": -0.01793898657401446,
    "avg_trade_duration": 6.75,
    "final_portfolio_value": 106194.3936814453,
    "initial_capital": 100000
  },
  "charts": {},
  "trades_analysis": {
    "total_trades": 100,
    "avg_trade_pnl": 67.39785459530394,
    "best_trade": 840.9914961023806,
    "worst_trade": -502.0941304909975,
    "avg_trade_duration": 6.75,
    "top_symbols": {
      "GOOGL": 2604.742794642025,
      "AAPL": 2513.955611813153,
      "MSFT": 1621.0870530752163
    }
  }
}