{
  "summary": {
    "total_trades": 62,
    "winning_trades": 34,
    "losing_trades": 28,
    "win_rate": 0.5483870967741935,
    "total_pnl": 5578.477669893491,
    "total_return": 0.05417703621983732,
    "avg_win": 398.0693978593167,
    "avg_loss": -284.13863776154557,
    "profit_factor": 1.701176534535714,
    "volatility": 0.02176105802502785,
    "sharpe_ratio": 0.5709033496791404,
    "max_drawdown": -0.026254571305204373,
    "avg_trade_duration": 10.53225806451613,
    "final_portfolio_value": 105417.70362198373,
    "initial_capital": 100000
  },
  "charts": {},
  "trades_analysis": {
    "total_trades": 62,
    "avg_trade_pnl": 89.9754462886047,
    "best_trade": 767.8943580178493,
    "worst_trade": -931.931967656612,
    "avg_trade_duration": 10.53225806451613,
    "top_symbols": {
      "AAPL": 3428.7572496197045,
      "MSFT": 1242.1295828369548,
      "MSFY": 907.5908374368319
    }
  }
}